<?xml version="1.0" encoding="UTF-8"?>
<project-private xmlns="http://www.netbeans.org/ns/project-private/1">
    <editor-bookmarks xmlns="http://www.netbeans.org/ns/editor-bookmarks/2" lastBookmarkId="0"/>
    <open-files xmlns="http://www.netbeans.org/ns/projectui-open-files/2">
        <group>
            <file>file:/C:/Users/ewass/Dropbox/clase/PRO2/practicas/practica2/WassRosadoEduardo2/src/edu/ub/prog2/WassRosadoEduardo/controlador/CtrlReproductor.java</file>
            <file>file:/C:/Users/ewass/Dropbox/clase/PRO2/practicas/practica2/WassRosadoEduardo2/src/edu/ub/prog2/WassRosadoEduardo/model/DadesReproductor.java</file>
            <file>file:/C:/Users/ewass/Dropbox/clase/PRO2/practicas/practica2/WassRosadoEduardo2/src/edu/ub/prog2/WassRosadoEduardo/model/FitxerAudio.java</file>
            <file>file:/C:/Users/ewass/Dropbox/clase/PRO2/practicas/practica2/WassRosadoEduardo2/src/edu/ub/prog2/WassRosadoEduardo/model/LlistaReproduccio.java</file>
            <file>file:/C:/Users/ewass/Dropbox/clase/PRO2/practicas/practica2/WassRosadoEduardo2/src/edu/ub/prog2/WassRosadoEduardo/model/LlistaFitxers.java</file>
            <file>file:/C:/Users/ewass/Dropbox/clase/PRO2/practicas/practica2/WassRosadoEduardo2/src/edu/ub/prog2/WassRosadoEduardo/vista/ReproductorUB2.java</file>
        </group>
    </open-files>
</project-private>
